Feature,MI_Score
thal,0.14356642033799294
cp,0.11506418899547999
oldpeak,0.10187930014286484
exang,0.09565581252648281
thalach,0.09004999639471278
slope,0.06707065597271655
ca,0.06260654051109538
sex,0.0521259087725765
age,0.01819503655056498
chol,0.005775091398519505
trestbps,0.0023447840125156993
fbs,0.0
restecg,0.0
