Feature,MI_Score
Glucose,0.136868998103443
BMI,0.0911446264810889
Insulin,0.0587035311411539
Age,0.03288773864951944
BloodPressure,0.026545373705243014
Insulin_missing,0.019698943208360298
DiabetesPedigreeFunction,0.009068776219824937
SkinThickness_missing,0.008768919724307267
Pregnancies,0.0
SkinThickness,0.0
